model,verification_category,N,Top1_percent,correct_count
A3,POPEYE_VERIFIED_MULTIPLE,5,60.0,3
A3,POPEYE_VERIFIED_UNIQUE,188,10.106382978723403,19
A3,YACPDB_SOURCE_UNVERIFIED_TIMEOUT,7,0.0,0
A4,POPEYE_VERIFIED_MULTIPLE,5,80.0,4
A4,POPEYE_VERIFIED_UNIQUE,188,13.297872340425531,25
A4,YACPDB_SOURCE_UNVERIFIED_TIMEOUT,7,28.57142857142857,2
Qwen 3.5 4B strict,POPEYE_VERIFIED_MULTIPLE,5,0.0,0
Qwen 3.5 4B strict,POPEYE_VERIFIED_UNIQUE,188,0.0,0
Qwen 3.5 4B strict,YACPDB_SOURCE_UNVERIFIED_TIMEOUT,7,0.0,0
Qwen 3.5 9B strict,POPEYE_VERIFIED_MULTIPLE,5,0.0,0
Qwen 3.5 9B strict,POPEYE_VERIFIED_UNIQUE,188,0.5319148936170213,1
Qwen 3.5 9B strict,YACPDB_SOURCE_UNVERIFIED_TIMEOUT,7,0.0,0
