model,mate_depth,N,Top1_percent,correct_count,Wilson95_low_percent,Wilson95_high_percent
A3,#1,20,45.0,9,25.81978582556243,65.79146575496577
A3,#2,20,5.0,1,0.8881448800795402,23.613119344674203
A3,#3,20,5.0,1,0.8881448800795402,23.613119344674203
A3,#4,20,0.0,0,0.0,16.112515805281937
A3,#5,20,0.0,0,0.0,16.112515805281937
A3,#6,20,0.0,0,0.0,16.112515805281937
A3,#7,20,0.0,0,0.0,16.112515805281937
A3,#8,20,5.0,1,0.8881448800795402,23.613119344674203
A3,#9,20,20.0,4,8.065766257979806,41.60174322518937
A3,#10,20,30.0,6,14.54772448676043,51.89728183535235
A4,#1,20,55.00000000000001,11,34.20853424503424,74.18021417443758
A4,#2,20,5.0,1,0.8881448800795402,23.613119344674203
A4,#3,20,0.0,0,0.0,16.112515805281937
A4,#4,20,0.0,0,0.0,16.112515805281937
A4,#5,20,5.0,1,0.8881448800795402,23.613119344674203
A4,#6,20,0.0,0,0.0,16.112515805281937
A4,#7,20,10.0,2,2.7866481213768224,30.10336452284873
A4,#8,20,10.0,2,2.7866481213768224,30.10336452284873
A4,#9,20,25.0,5,11.186170140766565,46.87008776187441
A4,#10,20,45.0,9,25.81978582556243,65.79146575496577
Qwen 3.5 4B strict,#1,20,0.0,0,0.0,16.112515805281937
Qwen 3.5 4B strict,#2,20,0.0,0,0.0,16.112515805281937
Qwen 3.5 4B strict,#3,20,0.0,0,0.0,16.112515805281937
Qwen 3.5 4B strict,#4,20,0.0,0,0.0,16.112515805281937
Qwen 3.5 4B strict,#5,20,0.0,0,0.0,16.112515805281937
Qwen 3.5 4B strict,#6,20,0.0,0,0.0,16.112515805281937
Qwen 3.5 4B strict,#7,20,0.0,0,0.0,16.112515805281937
Qwen 3.5 4B strict,#8,20,0.0,0,0.0,16.112515805281937
Qwen 3.5 4B strict,#9,20,0.0,0,0.0,16.112515805281937
Qwen 3.5 4B strict,#10,20,0.0,0,0.0,16.112515805281937
Qwen 3.5 9B strict,#1,20,0.0,0,0.0,16.112515805281937
Qwen 3.5 9B strict,#2,20,5.0,1,0.8881448800795402,23.613119344674203
Qwen 3.5 9B strict,#3,20,0.0,0,0.0,16.112515805281937
Qwen 3.5 9B strict,#4,20,0.0,0,0.0,16.112515805281937
Qwen 3.5 9B strict,#5,20,0.0,0,0.0,16.112515805281937
Qwen 3.5 9B strict,#6,20,0.0,0,0.0,16.112515805281937
Qwen 3.5 9B strict,#7,20,0.0,0,0.0,16.112515805281937
Qwen 3.5 9B strict,#8,20,0.0,0,0.0,16.112515805281937
Qwen 3.5 9B strict,#9,20,0.0,0,0.0,16.112515805281937
Qwen 3.5 9B strict,#10,20,0.0,0,0.0,16.112515805281937
