model,mate_depth,N,Top1_percent
A3,MateIn1,1995,79.54887218045113
B,MateIn1,1995,78.1453634085213
A4,MateIn1,1995,93.93483709273183
Qwen 3.5 4B strict,MateIn1,1995,0.10025062656641603
Qwen 3.5 9B strict,MateIn1,1995,0.10025062656641603
A3,MateIn2,1999,69.78489244622311
B,MateIn2,1999,68.33416708354177
A4,MateIn2,1999,88.19409704852427
Qwen 3.5 4B strict,MateIn2,1999,0.05002501250625312
Qwen 3.5 9B strict,MateIn2,1999,0.05002501250625312
A3,MateIn3,1999,66.73336668334167
B,MateIn3,1999,65.48274137068533
A4,MateIn3,1999,84.59229614807404
Qwen 3.5 4B strict,MateIn3,1999,0.1500750375187594
Qwen 3.5 9B strict,MateIn3,1999,0.10005002501250625
A3,MateIn4,1999,58.72936468234117
B,MateIn4,1999,56.72836418209104
A4,MateIn4,1999,78.38919459729865
Qwen 3.5 4B strict,MateIn4,1999,0.0
Qwen 3.5 9B strict,MateIn4,1999,0.2001000500250125
A3,MateIn5,618,52.9126213592233
B,MateIn5,618,50.64724919093852
A4,MateIn5,618,74.27184466019418
Qwen 3.5 4B strict,MateIn5,618,0.0
Qwen 3.5 9B strict,MateIn5,618,0.16181229773462785
